var_ref	var_pos	var_alt	gnomAD_ID	chromosome	var_ref_gDNA	var_pos_gDNA	var_alt_gDNA	allele_count	allele_number	homozygote_count
M	2	T	19-47834448-T-C	19	T	47834448	C	2	1613884	0
A	3	P	19-47834450-G-C	19	G	47834450	C	2	1613962	0
A	3	E	19-47834451-C-A	19	C	47834451	A	1	1613766	0
A	3	V	19-47834451-C-T	19	C	47834451	T	72	1613646	0
Y	4	H	19-47834453-T-C	19	T	47834453	C	1	1613902	0
Y	4	N	19-47834453-T-A	19	T	47834453	A	1	1613902	0
Y	4	C	19-47834454-A-G	19	A	47834454	G	11	1613918	0
M	5	V	19-47834456-A-G	19	A	47834456	G	1	1613916	0
M	5	T	19-47834457-T-C	19	T	47834457	C	3	1614156	0
M	5	I	19-47834458-G-T	19	G	47834458	T	3	1614050	0
N	6	S	19-47834460-A-G	19	A	47834460	G	1	1614064	0
P	7	S	19-47834462-C-T	19	C	47834462	T	1	1614142	0
P	7	L	19-47834463-C-T	19	C	47834463	T	22	1614122	0
G	8	R	19-47834465-G-C	19	G	47834465	C	57	1614112	0
G	8	E	19-47834466-G-A	19	G	47834466	A	2	1614102	0
P	9	S	19-47834468-C-T	19	C	47834468	T	1	1614130	0
P	9	H	19-47834469-C-A	19	C	47834469	A	12	1614142	0
H	10	D	19-47834471-C-G	19	C	47834471	G	969	1614134	1
H	10	R	19-47834472-A-G	19	A	47834472	G	5	1614124	0
H	10	P	19-47834472-A-C	19	A	47834472	C	1	1614124	0
H	10	Q	19-47834473-C-A	19	C	47834473	A	2	1614166	0
Y	11	C	19-47834475-A-G	19	A	47834475	G	1	1614056	0
S	12	F	19-47834478-C-T	19	C	47834478	T	1	1614170	0
V	13	L	19-47834480-G-C	19	G	47834480	C	34	1614026	0
V	13	A	19-47834481-T-C	19	T	47834481	C	3	1614010	0
N	14	S	19-47834484-A-G	19	A	47834484	G	3	1613910	0
N	14	K	19-47834485-C-A	19	C	47834485	A	4	1614214	0
A	15	T	19-47834486-G-A	19	G	47834486	A	13	1614116	0
A	15	P	19-47834486-G-C	19	G	47834486	C	25	1613998	0
A	15	V	19-47834487-C-T	19	C	47834487	T	3	1614186	0
A	15	D	19-47834487-C-A	19	C	47834487	A	1	1614186	0
A	17	V	19-47834493-C-T	19	C	47834493	T	2	1614146	0
L	18	V	19-47834495-C-G	19	C	47834495	G	1	1614168	0
S	19	C	19-47834498-A-T	19	A	47834498	T	1	1614154	0
G	20	V	19-47834502-G-T	19	G	47834502	T	3	1614148	0
L	25	M	19-47834516-C-A	19	C	47834516	A	3	1614162	0
L	25	P	19-47834517-T-C	19	T	47834517	C	6	1614088	0
M	26	I	19-47834521-G-A	19	G	47834521	A	6	1613654	0
Q	28	R	19-47834526-A-G	19	A	47834526	G	23	1613708	0
A	29	T	19-47834528-G-A	19	G	47834528	A	8	1613766	0
V	30	L	19-47834531-G-C	19	G	47834531	C	2	1613820	0
V	30	A	19-47834532-T-C	19	T	47834532	C	3	1613974	0
P	31	T	19-47834534-C-A	19	C	47834534	A	3	1613440	0
Y	32	H	19-47834537-T-C	19	T	47834537	C	1	1613420	0
S	34	R	19-47836244-C-G	19	C	47836244	G	2	1614058	0
A	35	T	19-47836245-G-A	19	G	47836245	A	10	1614098	0
A	35	D	19-47836246-C-A	19	C	47836246	A	4	1614164	0
R	37	K	19-47836252-G-A	19	G	47836252	A	1	1614174	0
R	37	T	19-47836252-G-C	19	G	47836252	C	1	1614056	0
Q	39	K	19-47836257-C-A	19	C	47836257	A	1	1614170	0
R	40	W	19-47836260-C-T	19	C	47836260	T	2	1613996	0
R	40	Q	19-47836261-G-A	19	G	47836261	A	14	1614104	0
R	41	W	19-47836263-C-T	19	C	47836263	T	6	1614132	0
R	41	Q	19-47836264-G-A	19	G	47836264	A	13	1614018	0
R	41	P	19-47836264-G-C	19	G	47836264	C	3	1614136	0
E	42	G	19-47836267-A-G	19	A	47836267	G	2	1613970	0
E	42	D	19-47836268-G-C	19	G	47836268	C	16	1614178	0
R	43	S	19-47836269-C-A	19	C	47836269	A	1	1614146	0
R	43	C	19-47836269-C-T	19	C	47836269	T	6	1614144	0
R	43	L	19-47836270-G-T	19	G	47836270	T	1	1614108	0
R	43	H	19-47836270-G-A	19	G	47836270	A	5	1613988	0
T	44	I	19-47836273-C-T	19	C	47836273	T	3	1614082	0
T	47	I	19-47836282-C-T	19	C	47836282	T	4	1614198	0
T	47	N	19-47836282-C-A	19	C	47836282	A	1	1614198	0
R	48	W	19-47836284-C-T	19	C	47836284	T	17	1614078	0
R	48	Q	19-47836285-G-A	19	G	47836285	A	13	1614152	0
S	49	G	19-47836287-A-G	19	A	47836287	G	1	1614094	0
S	49	R	19-47836289-C-G	19	C	47836289	G	5	1614078	0
Q	50	H	19-47836292-A-C	19	A	47836292	C	1	1614046	0
L	51	Q	19-47836294-T-A	19	T	47836294	A	1	1614144	0
E	53	G	19-47836300-A-G	19	A	47836300	G	3	1614138	0
E	55	G	19-47836306-A-G	19	A	47836306	G	1	1614154	0
A	56	T	19-47836308-G-A	19	G	47836308	A	26	1614074	1
A	56	S	19-47836308-G-T	19	G	47836308	T	1	1614192	0
L	57	V	19-47836311-C-G	19	C	47836311	G	1	1614186	0
L	57	P	19-47836312-T-C	19	T	47836312	C	1	1614136	0
F	58	C	19-47836315-T-G	19	T	47836315	G	1	1614164	0
A	59	S	19-47836317-G-T	19	G	47836317	T	1	1614206	0
K	60	E	19-47836320-A-G	19	A	47836320	G	2	1614058	0
T	61	I	19-47836324-C-T	19	C	47836324	T	1	1614196	0
Q	62	L	19-47836327-A-T	19	A	47836327	T	2	1614192	0
P	64	S	19-47836332-C-T	19	C	47836332	T	1	1614178	0
P	64	A	19-47836332-C-G	19	C	47836332	G	1	1614178	0
D	65	H	19-47836335-G-C	19	G	47836335	C	6	1614202	0
V	66	I	19-47836338-G-A	19	G	47836338	A	5577	1614198	24
V	66	F	19-47836338-G-T	19	G	47836338	T	4	1614202	0
Y	67	S	19-47836342-A-C	19	A	47836342	C	1	1614210	0
A	68	T	19-47836344-G-A	19	G	47836344	A	1	1614206	0
A	68	V	19-47836345-C-T	19	C	47836345	T	67	1614196	0
R	69	C	19-47836347-C-T	19	C	47836347	T	9	1614062	0
R	69	G	19-47836347-C-G	19	C	47836347	G	5	1614180	0
R	69	H	19-47836348-G-A	19	G	47836348	A	25	1614084	0
E	70	V	19-47836351-A-T	19	A	47836351	T	1	1614186	0
E	71	K	19-47836353-G-A	19	G	47836353	A	16	1614118	0
V	72	L	19-47836356-G-T	19	G	47836356	T	1	1614250	0
V	72	A	19-47836357-T-C	19	T	47836357	C	1	1614126	0
A	73	S	19-47836359-G-T	19	G	47836359	T	4	1614238	0
K	75	N	19-47836367-G-T	19	G	47836367	T	1	1614110	0
I	76	T	19-47836369-T-C	19	T	47836369	C	1	1614160	0
N	77	S	19-47836372-A-G	19	A	47836372	G	1	1614198	0
P	79	A	19-47836377-C-G	19	C	47836377	G	1	1614216	0
P	79	S	19-47836377-C-T	19	C	47836377	T	1	1614216	0
S	81	Y	19-47836384-C-A	19	C	47836384	A	1	1614100	0
P	39	S	19-47839334-C-T	19	C	47839334	T	5	1613424	0
R	90	W	19-47839335-C-T	19	C	47839335	T	13	1613332	0
R	90	G	19-47839335-C-G	19	C	47839335	G	12	1613450	0
R	90	Q	19-47839336-G-A	19	G	47839336	A	22	1613228	0
E	40	Q	19-47839337-G-C	19	G	47839337	C	4	1613476	0
G	41	S	19-47839340-G-A	19	G	47839340	A	8	1613540	0
A	92	D	19-47839342-C-A	19	C	47839342	A	1	1613508	0
K	93	E	19-47839344-A-G	19	A	47839344	G	1	1613494	0
R	95	W	19-47839350-A-T	19	A	47839350	T	2	1613518	0
Q	96	H	19-47839355-G-T	19	G	47839355	T	3	1613602	0
R	98	Q	19-47839360-G-A	19	G	47839360	A	1	1613590	0
Q	100	K	19-47839365-C-A	19	C	47839365	A	1	1613584	0
Q	100	R	19-47839366-A-G	19	A	47839366	G	2	1613600	0
Q	101	P	19-47839369-A-C	19	A	47839369	C	1	1613540	0
Q	101	H	19-47839370-G-C	19	G	47839370	C	1	1613626	0
Q	103	R	19-47839375-A-G	19	A	47839375	G	1	1613466	0
Q	104	R	19-47839378-A-G	19	A	47839378	G	53	1613566	0
Q	104	H	19-47839379-G-C	19	G	47839379	C	2	1613604	0
P	107	A	19-47839386-C-G	19	C	47839386	G	22	1613386	0
P	107	S	19-47839386-C-T	19	C	47839386	T	1	1613504	0
P	107	L	19-47839387-C-T	19	C	47839387	T	1	1613648	0
P	107	H	19-47839387-C-A	19	C	47839387	A	2	1613530	0
P	108	S	19-47839389-C-T	19	C	47839389	T	1	1613654	0
G	109	R	19-47839392-G-A	19	G	47839392	A	1	1613586	0
G	109	R	19-47839392-G-C	19	G	47839392	C	2	1613468	0
G	109	W	19-47839392-G-T	19	G	47839392	T	1	1613586	0
G	109	A	19-47839393-G-C	19	G	47839393	C	1	1613634	0
G	110	C	19-47839395-G-T	19	G	47839395	T	1	1613702	0
Q	111	K	19-47839398-C-A	19	C	47839398	A	3	1613764	0
Q	111	R	19-47839399-A-G	19	A	47839399	G	28	1613614	0
Q	111	L	19-47839399-A-T	19	A	47839399	T	2	1613732	0
A	112	P	19-47839401-G-C	19	G	47839401	C	1	1613600	0
A	112	V	19-47839402-C-T	19	C	47839402	T	42	1613758	0
A	112	D	19-47839402-C-A	19	C	47839402	A	1	1613758	0
A	114	T	19-47839407-G-A	19	G	47839407	A	2	1613728	0
A	114	V	19-47839408-C-T	19	C	47839408	T	1	1613774	0
R	115	W	19-47839410-C-T	19	C	47839410	T	17	1613652	0
R	115	P	19-47839411-G-C	19	G	47839411	C	1	1613624	0
R	115	Q	19-47839411-G-A	19	G	47839411	A	25	1613624	0
P	116	T	19-47839413-C-A	19	C	47839413	A	1	1613780	0
A	117	V	19-47839417-C-T	19	C	47839417	T	6	1613826	0
K	118	E	19-47839419-A-G	19	A	47839419	G	1	1613812	0
K	118	R	19-47839420-A-G	19	A	47839420	G	1	1613834	0
K	118	N	19-47839421-G-T	19	G	47839421	T	1	1613850	0
R	119	K	19-47839423-G-A	19	G	47839423	A	25	1613740	0
R	119	T	19-47839423-G-C	19	G	47839423	C	7	1613740	0
K	120	E	19-47839425-A-G	19	A	47839425	G	1	1613776	0
K	120	M	19-47839426-A-T	19	A	47839426	T	1	1613842	0
A	121	P	19-47839428-G-C	19	G	47839428	C	1	1613864	0
A	121	T	19-47839428-G-A	19	G	47839428	A	1	1613864	0
A	121	V	19-47839429-C-T	19	C	47839429	T	16	1613732	0
A	121	G	19-47839429-C-G	19	C	47839429	G	2	1613732	0
G	122	A	19-47839432-G-C	19	G	47839432	C	1	1613832	0
G	122	D	19-47839432-G-A	19	G	47839432	A	5047	1613832	233
T	123	A	19-47839434-A-G	19	A	47839434	G	23	1613738	0
T	123	M	19-47839435-C-T	19	C	47839435	T	13	1613902	0
S	124	Y	19-47839438-C-A	19	C	47839438	A	2	1613972	0
S	124	F	19-47839438-C-T	19	C	47839438	T	2	1613972	0
P	125	S	19-47839440-C-T	19	C	47839440	T	1	1613980	0
R	126	G	19-47839443-A-G	19	A	47839443	G	1	1613968	0
R	126	K	19-47839444-G-A	19	G	47839444	A	2	1613950	0
R	126	T	19-47839444-G-C	19	G	47839444	C	1	1613950	0
R	126	S	19-47839445-A-C	19	A	47839445	C	13	1613296	0
R	126	S	19-47839445-A-T	19	A	47839445	T	1	1613414	0
P	127	T	19-47839446-C-A	19	C	47839446	A	1	1613986	0
P	127	L	19-47839447-C-T	19	C	47839447	T	1	1613958	0
S	128	P	19-47839449-T-C	19	T	47839449	C	2	1613912	0
T	129	I	19-47839453-C-T	19	C	47839453	T	1	1614038	0
D	130	N	19-47839455-G-A	19	G	47839455	A	1	1613980	0
D	130	G	19-47839456-A-G	19	A	47839456	G	2	1613834	0
D	130	A	19-47839456-A-C	19	A	47839456	C	4	1613834	0
V	131	A	19-47839459-T-C	19	T	47839459	C	1	1613958	0
P	133	S	19-47839464-C-T	19	C	47839464	T	1	1614032	0
P	133	L	19-47839465-C-T	19	C	47839465	T	1	1614060	0
D	134	H	19-47839467-G-C	19	G	47839467	C	1	1614028	0
D	134	E	19-47839469-C-A	19	C	47839469	A	3	1614028	0
P	135	T	19-47839470-C-A	19	C	47839470	A	1	1614026	0
P	135	H	19-47839471-C-A	19	C	47839471	A	1	1614032	0
L	136	V	19-47839473-C-G	19	C	47839473	G	1	1614060	0
I	138	F	19-47839479-A-T	19	A	47839479	T	1	1613930	0
I	138	V	19-47839479-A-G	19	A	47839479	G	3	1613930	0
I	138	T	19-47839480-T-C	19	T	47839480	C	12	1613908	0
S	139	P	19-47839482-T-C	19	T	47839482	C	5	1613754	0
D	140	H	19-47839485-G-C	19	G	47839485	C	15	1613886	0
S	141	A	19-47839488-T-G	19	T	47839488	G	6	1613810	0
S	141	F	19-47839489-C-T	19	C	47839489	T	2	1614012	0
Y	142	C	19-47839492-A-G	19	A	47839492	G	605	1613762	2
P	144	T	19-47839497-C-A	19	C	47839497	A	1	1613952	0
P	144	S	19-47839497-C-T	19	C	47839497	T	1	1613952	0
P	144	L	19-47839498-C-T	19	C	47839498	T	2	1613940	0
P	145	S	19-47839500-C-T	19	C	47839500	T	18	1613848	0
P	147	S	19-47839506-C-T	19	C	47839506	T	2	1613780	0
G	148	C	19-47839509-G-T	19	G	47839509	T	4	1613626	1
G	148	R	19-47839509-G-C	19	G	47839509	C	1	1613626	0
G	148	S	19-47839509-G-A	19	G	47839509	A	13	1613626	0
G	148	D	19-47839510-G-A	19	G	47839510	A	1	1613658	0
P	149	S	19-47839512-C-T	19	C	47839512	T	1	1613822	0
P	149	H	19-47839513-C-A	19	C	47839513	A	1	1613830	0
G	151	D	19-47839519-G-A	19	G	47839519	A	1	1613720	0
G	151	V	19-47839519-G-T	19	G	47839519	T	6	1613602	0
S	152	F	19-47839522-C-T	19	C	47839522	T	1	1613742	0
P	153	L	19-47839525-C-T	19	C	47839525	T	1	1613676	0
T	154	A	19-47839527-A-G	19	A	47839527	G	227	1613566	1
T	154	S	19-47839528-C-G	19	C	47839528	G	1	1613682	0
T	155	M	19-47839531-C-T	19	C	47839531	T	21	1613440	0
A	156	P	19-47839533-G-C	19	G	47839533	C	2	1613502	0
V	157	M	19-47839536-G-A	19	G	47839536	A	2	1613546	0
A	158	T	19-47839539-G-A	19	G	47839539	A	7669	1613370	295
S	161	Y	19-47839549-C-A	19	C	47839549	A	1	1613046	0
S	161	F	19-47839549-C-T	19	C	47839549	T	1	1613046	0
I	162	F	19-47839551-A-T	19	A	47839551	T	1	1612910	0
I	162	L	19-47839551-A-C	19	A	47839551	C	2	1613028	0
I	162	T	19-47839552-T-C	19	T	47839552	C	6	1612934	0
I	162	N	19-47839552-T-A	19	T	47839552	A	1	1613052	0
W	163	R	19-47839554-T-C	19	T	47839554	C	10	1612838	0
W	163	G	19-47839554-T-G	19	T	47839554	G	2	1612838	0
S	164	N	19-47839558-G-A	19	G	47839558	A	6	1612678	0
P	165	L	19-47839561-C-T	19	C	47839561	T	21	1612620	0
A	166	P	19-47839563-G-C	19	G	47839563	C	1	1612694	0
A	166	D	19-47839564-C-A	19	C	47839564	A	3	1612428	0
S	169	F	19-47839573-C-T	19	C	47839573	T	1	1612426	0
P	170	S	19-47839575-C-T	19	C	47839575	T	94	1612636	1
L	171	F	19-47839580-G-C	19	G	47839580	C	3	1612302	0
P	172	R	19-47839582-C-G	19	C	47839582	G	1	1612538	0
E	173	G	19-47839585-A-G	19	A	47839585	G	1	1612304	0
A	174	V	19-47839588-C-T	19	C	47839588	T	23	1612252	0
R	176	W	19-47839593-C-T	19	C	47839593	T	36	1612006	0
R	176	G	19-47839593-C-G	19	C	47839593	G	15	1612124	0
R	176	Q	19-47839594-G-A	19	G	47839594	A	7	1612668	0
A	177	T	19-47839596-G-A	19	G	47839596	A	1	1612768	0
G	178	R	19-47839599-G-C	19	G	47839599	C	3	1612734	0
G	178	A	19-47839600-G-C	19	G	47839600	C	9	1612922	0
V	180	E	19-47839606-T-A	19	T	47839606	A	15	1612720	0
A	181	S	19-47839608-G-T	19	G	47839608	T	2	1612714	0
S	182	P	19-47839611-T-C	19	T	47839611	C	1	1613026	0
P	184	S	19-47839617-C-T	19	C	47839617	T	2	1612956	0
P	184	L	19-47839618-C-T	19	C	47839618	T	603	1613020	7
S	185	F	19-47839621-C-T	19	C	47839621	T	1	1613202	0
L	186	P	19-47839624-T-C	19	T	47839624	C	1	1613046	0
T	187	A	19-47839626-A-G	19	A	47839626	G	1	1612322	0
T	187	I	19-47839627-C-T	19	C	47839627	T	38	1613154	0
A	189	S	19-47839632-G-T	19	G	47839632	T	1	1612862	0
A	189	T	19-47839632-G-A	19	G	47839632	A	26	1612744	0
A	189	P	19-47839632-G-C	19	G	47839632	C	11	1612862	0
A	189	V	19-47839633-C-T	19	C	47839633	T	26	1613184	0
P	190	A	19-47839635-C-G	19	C	47839635	G	1	1613286	0
P	190	S	19-47839635-C-T	19	C	47839635	T	72	1613168	0
A	192	D	19-47839642-C-A	19	C	47839642	A	3	1613288	0
M	193	V	19-47839644-A-G	19	A	47839644	G	4	1613204	0
M	193	T	19-47839645-T-C	19	T	47839645	C	1	1613326	0
M	193	R	19-47839645-T-G	19	T	47839645	G	1	1613326	0
T	194	I	19-47839648-C-T	19	C	47839648	T	3	1613378	0
T	194	S	19-47839648-C-G	19	C	47839648	G	1	1613378	0
T	194	N	19-47839648-C-A	19	C	47839648	A	22	1613378	0
Y	195	H	19-47839650-T-C	19	T	47839650	C	7	1613332	0
Y	195	S	19-47839651-A-C	19	A	47839651	C	1	1613062	0
A	196	T	19-47839653-G-A	19	G	47839653	A	38	1613156	0
A	196	S	19-47839653-G-T	19	G	47839653	T	4	1613274	0
A	196	V	19-47839654-C-T	19	C	47839654	T	1	1613460	0
A	196	D	19-47839654-C-A	19	C	47839654	A	3	1613460	0
A	196	G	19-47839654-C-G	19	C	47839654	G	1	1613460	0
P	197	L	19-47839657-C-T	19	C	47839657	T	77	1613354	0
A	198	D	19-47839660-C-A	19	C	47839660	A	2	1613552	0
A	198	V	19-47839660-C-T	19	C	47839660	T	2	1613552	0
A	200	T	19-47839665-G-A	19	G	47839665	A	21	1613472	0
C	202	Y	19-47839672-G-A	19	G	47839672	A	1	1613628	0
S	204	P	19-47839677-T-C	19	T	47839677	C	1	1613540	0
S	204	C	19-47839678-C-G	19	C	47839678	G	1	1613804	0
S	204	F	19-47839678-C-T	19	C	47839678	T	1	1613804	0
P	205	T	19-47839680-C-A	19	C	47839680	A	2	1613866	0
P	205	S	19-47839680-C-T	19	C	47839680	T	2	1613866	0
P	205	L	19-47839681-C-T	19	C	47839681	T	1	1613764	0
S	206	P	19-47839683-T-C	19	T	47839683	C	3	1613710	0
S	206	Y	19-47839684-C-A	19	C	47839684	A	2	1613948	0
A	207	T	19-47839686-G-A	19	G	47839686	A	73	1613494	0
A	207	P	19-47839686-G-C	19	G	47839686	C	1	1613612	0
G	209	R	19-47839692-G-A	19	G	47839692	A	4	1613860	0
G	209	E	19-47839693-G-A	19	G	47839693	A	1	1613858	0
S	210	F	19-47839696-C-T	19	C	47839696	T	1	1613964	0
P	211	S	19-47839698-C-T	19	C	47839698	T	1	1613988	0
P	211	L	19-47839699-C-T	19	C	47839699	T	29	1613976	0
S	212	N	19-47839702-G-A	19	G	47839702	A	2	1613922	0
S	213	F	19-47839705-C-T	19	C	47839705	T	2	1613994	0
F	215	L	19-47839710-T-C	19	T	47839710	C	1	1613908	0
G	217	S	19-47839716-G-A	19	G	47839716	A	17	1613806	0
D	219	E	19-47839724-C-G	19	C	47839724	G	10	1613958	0
P	220	S	19-47839725-C-T	19	C	47839725	T	1	1614098	0
P	220	L	19-47839726-C-T	19	C	47839726	T	7	1613970	0
Y	221	H	19-47839728-T-C	19	T	47839728	C	1	1614060	0
L	222	I	19-47839731-C-A	19	C	47839731	A	7	1614106	0
L	222	P	19-47839732-T-C	19	T	47839732	C	7	1614008	0
L	222	H	19-47839732-T-A	19	T	47839732	A	1	1614008	0
P	224	S	19-47839737-C-T	19	C	47839737	T	1	1614116	0
M	225	L	19-47839740-A-C	19	A	47839740	C	20	1613466	0
M	225	T	19-47839741-T-C	19	T	47839741	C	3	1614070	0
M	225	I	19-47839742-G-C	19	G	47839742	C	2	1613988	0
V	226	M	19-47839743-G-A	19	G	47839743	A	2	1613934	0
P	227	S	19-47839746-C-T	19	C	47839746	T	1	1614094	0
Q	228	H	19-47839751-G-C	19	G	47839751	C	4	1614038	0
L	229	I	19-47839752-C-A	19	C	47839752	A	43	1613946	0
G	230	R	19-47839755-G-C	19	G	47839755	C	2	1613908	0
G	231	C	19-47839758-G-T	19	G	47839758	T	3	1614070	0
G	231	V	19-47839759-G-T	19	G	47839759	T	3	1614056	0
P	232	L	19-47839762-C-T	19	C	47839762	T	21	1614108	0
S	235	R	19-47839772-C-A	19	C	47839772	A	2	1614110	0
P	236	S	19-47839773-C-T	19	C	47839773	T	1	1614142	0
P	236	R	19-47839774-C-G	19	C	47839774	G	1	1614134	0
L	237	I	19-47839776-C-A	19	C	47839776	A	7	1614024	0
L	237	V	19-47839776-C-G	19	C	47839776	G	23	1614140	0
L	237	F	19-47839776-C-T	19	C	47839776	T	7	1614024	0
G	239	D	19-47839783-G-A	19	G	47839783	A	2	1613964	0
P	240	S	19-47839785-C-T	19	C	47839785	T	2	1614094	0
P	240	L	19-47839786-C-T	19	C	47839786	T	2	1614028	0
S	241	Y	19-47839789-C-A	19	C	47839789	A	1	1614174	0
V	242	M	19-47839791-G-A	19	G	47839791	A	1400	1613962	15
G	243	R	19-47839794-G-A	19	G	47839794	A	1	1614052	0
G	243	V	19-47839795-G-T	19	G	47839795	T	8	1614068	0
P	244	T	19-47839797-C-A	19	C	47839797	A	1	1614154	0
P	244	S	19-47839797-C-T	19	C	47839797	T	1	1614154	0
S	245	F	19-47839801-C-T	19	C	47839801	T	1	1614142	0
A	247	V	19-47839807-C-T	19	C	47839807	T	89	1614016	0
A	247	D	19-47839807-C-A	19	C	47839807	A	1	1614132	0
S	249	F	19-47839813-C-T	19	C	47839813	T	3	1614102	0
P	250	S	19-47839815-C-T	19	C	47839815	T	1	1614152	0
T	251	I	19-47839819-C-T	19	C	47839819	T	2	1614152	0
S	252	F	19-47839822-C-T	19	C	47839822	T	8	1614032	0
G	255	S	19-47839830-G-A	19	G	47839830	A	1	1614090	0
G	255	D	19-47839831-G-A	19	G	47839831	A	1	1614066	0
Q	256	H	19-47839835-G-C	19	G	47839835	C	1	1614092	0
S	257	T	19-47839837-G-C	19	G	47839837	C	1	1614130	0
Y	258	C	19-47839840-A-G	19	A	47839840	G	2	1613820	0
G	259	D	19-47839843-G-A	19	G	47839843	A	37	1614066	0
A	260	T	19-47839845-G-A	19	G	47839845	A	71	1613960	0
A	260	D	19-47839846-C-A	19	C	47839846	A	6	1614148	0
Y	261	C	19-47839849-A-G	19	A	47839849	G	5	1613958	0
S	262	N	19-47839852-G-A	19	G	47839852	A	1	1614092	0
V	264	M	19-47839857-G-A	19	G	47839857	A	50	1613926	0
D	265	H	19-47839860-G-C	19	G	47839860	C	1	1613976	0
D	265	Y	19-47839860-G-T	19	G	47839860	T	2	1614094	0
L	267	V	19-47839866-T-G	19	T	47839866	G	3	1614084	0
F	269	Y	19-47839873-T-A	19	T	47839873	A	1	1614090	0
F	269	L	19-47839874-C-G	19	C	47839874	G	3	1614126	0
K	270	E	19-47839875-A-G	19	A	47839875	G	8	1613978	0
K	270	N	19-47839877-G-T	19	G	47839877	T	1	1614100	0
D	271	N	19-47839878-G-A	19	G	47839878	A	9	1613938	0
D	271	G	19-47839879-A-G	19	A	47839879	G	1	1613706	0
D	271	E	19-47839880-C-A	19	C	47839880	A	1	1614120	0
P	272	S	19-47839881-C-T	19	C	47839881	T	7	1613992	0
P	272	T	19-47839881-C-A	19	C	47839881	A	2	1614110	0
T	273	M	19-47839885-C-T	19	C	47839885	T	79	1613994	1
G	274	C	19-47839887-G-T	19	G	47839887	T	1	1614100	0
G	274	D	19-47839888-G-A	19	G	47839888	A	1	1614110	0
T	275	S	19-47839890-A-T	19	A	47839890	T	1	1614080	0
T	275	A	19-47839890-A-G	19	A	47839890	G	1	1614080	0
T	275	I	19-47839891-C-T	19	C	47839891	T	3	1614116	0
K	277	Q	19-47839896-A-C	19	A	47839896	C	1	1614094	0
K	277	I	19-47839897-A-T	19	A	47839897	T	1	1614042	0
F	278	L	19-47839901-C-A	19	C	47839901	A	5	1614148	0
T	279	P	19-47839902-A-C	19	A	47839902	C	2	1613976	0
P	282	S	19-47839911-C-T	19	C	47839911	T	6	1613978	0
P	282	T	19-47839911-C-A	19	C	47839911	A	2	1614096	0
M	283	V	19-47839914-A-G	19	A	47839914	G	1	1614016	0
M	283	L	19-47839914-A-T	19	A	47839914	T	1	1614016	0
M	283	T	19-47839915-T-C	19	T	47839915	C	2	1614010	0
M	283	R	19-47839915-T-G	19	T	47839915	G	10	1614010	0
P	285	L	19-47839921-C-T	19	C	47839921	T	1	1614088	0
L	286	P	19-47839924-T-C	19	T	47839924	C	5	1614070	0
D	287	H	19-47839926-G-C	19	G	47839926	C	1	1614018	0
D	290	N	19-47839935-G-A	19	G	47839935	A	3	1613904	0
Q	291	H	19-47839940-G-T	19	G	47839940	T	1	1613894	0
S	292	N	19-47839942-G-A	19	G	47839942	A	1	1613852	0
W	294	R	19-47839947-T-C	19	T	47839947	C	2	1613816	0
Q	297	E	19-47839956-C-G	19	C	47839956	G	4	1613576	0
I	298	V	19-47839959-A-G	19	A	47839959	G	1	1613438	0
L	299	S	19-47839963-T-C	19	T	47839963	C	1	1613268	0
L	299	F	19-47839964-G-C	19	G	47839964	C	8	1613296	0
