position	predicted_disorder	predicted_lddt
1	0.8312	0.488405
2	0.8551	0.514208
3	0.8163	0.5477380000000001
4	0.7866	0.584507
5	0.7688	0.619535
6	0.7657	0.579578
7	0.77	0.598146
8	0.7613	0.5649419999999999
9	0.7647	0.590109
10	0.7412	0.56584
11	0.7333	0.526406
12	0.7327	0.534879
13	0.7532	0.541198
14	0.7596	0.51426
15	0.7726	0.506941
16	0.7817	0.522507
17	0.7754	0.512274
18	0.7956	0.526293
19	0.7877	0.505514
20	0.7841	0.512314
21	0.7812	0.541236
22	0.7601	0.516361
23	0.741	0.539431
24	0.6965	0.508928
25	0.6892	0.530013
26	0.6794	0.531355
27	0.6759	0.518038
28	0.6803	0.506312
29	0.6675	0.536102
30	0.659	0.566926
31	0.6374	0.5703900000000001
32	0.6587	0.556475
33	0.6894	0.55395
34	0.704	0.520594
35	0.7012	0.545531
36	0.6972	0.56871
37	0.6867	0.5536719999999999
38	0.6738	0.594499
39	0.6468	0.606079
40	0.6126	0.636941
41	0.5697	0.656234
42	0.5227	0.717725
43	0.4695	0.8064709999999999
44	0.4015	0.863613
45	0.3356	0.9210689999999999
46	0.2774	0.9380670000000001
47	0.2403	0.954947
48	0.2033	0.963958
49	0.1658	0.9723909999999999
50	0.1263	0.9777030000000001
51	0.1003	0.972965
52	0.072	0.972214
53	0.05	0.966546
54	0.0417	0.968045
55	0.0441	0.9671160000000001
56	0.0382	0.965014
57	0.0352	0.974768
58	0.0534	0.966129
59	0.0591	0.949432
60	0.0995	0.9477800000000001
61	0.1324	0.949473
62	0.1423	0.9361440000000001
63	0.1187	0.938766
64	0.1053	0.94341
65	0.0769	0.941514
66	0.0588	0.9501130000000001
67	0.0457	0.950008
68	0.043	0.947689
69	0.0465	0.950732
70	0.0391	0.940497
71	0.0409	0.941876
72	0.0404	0.94882
73	0.0477	0.943357
74	0.0484	0.940274
75	0.0704	0.947501
76	0.0875	0.952324
77	0.1247	0.95248
78	0.1459	0.953839
79	0.1592	0.950202
80	0.1458	0.9522079999999999
81	0.1259	0.9619759999999999
82	0.1101	0.9804259999999999
83	0.0912	0.9770019999999999
84	0.0816	0.9736899999999999
85	0.0718	0.969174
86	0.0835	0.979447
87	0.0992	0.978434
88	0.139	0.9843899999999999
89	0.1771	0.973795
90	0.193	0.968786
91	0.199	0.96155
92	0.2233	0.953176
93	0.2523	0.954539
94	0.2897	0.947504
95	0.3413	0.941204
96	0.4031	0.929547
97	0.4359	0.9265770000000001
98	0.4991	0.9212520000000001
99	0.572	0.903173
100	0.6117	0.886799
101	0.6572	0.8630159999999999
102	0.7271	0.857953
103	0.7791	0.82344
104	0.8037	0.78131
105	0.8505	0.716266
106	0.9033	0.631901
107	0.9524	0.594779
108	0.9443	0.559464
109	0.9532	0.502024
110	0.9434	0.482405
111	0.9329	0.508499
112	0.9326	0.507398
113	0.9287	0.522942
114	0.9288	0.523001
115	0.9405	0.524608
116	0.9323	0.5446300000000001
117	0.9182	0.515884
118	0.9314	0.538698
119	0.9348	0.525394
120	0.9444	0.520827
121	0.9372	0.487498
122	0.947	0.465084
123	0.9389	0.480826
124	0.929	0.481978
125	0.9159	0.515342
126	0.9063	0.478846
127	0.9018	0.49257100000000004
128	0.8994	0.466006
129	0.8968	0.499876
130	0.8925	0.482704
131	0.8868	0.507917
132	0.8775	0.480932
133	0.8387	0.5097590000000001
134	0.8386	0.48597
135	0.8215	0.499811
136	0.8539	0.468165
137	0.8635	0.454596
138	0.8707	0.486475
139	0.8683	0.475848
140	0.8737	0.471895
141	0.8742	0.467969
142	0.8754	0.484476
143	0.8689	0.48186599999999996
144	0.8428	0.536011
145	0.8469	0.521473
146	0.868	0.493133
147	0.8848	0.528892
148	0.8963	0.47999499999999995
149	0.9015	0.500838
150	0.9152	0.439428
151	0.913	0.44138800000000006
152	0.9155	0.455252
153	0.912	0.498923
154	0.9237	0.45636000000000004
155	0.932	0.45553899999999997
156	0.9336	0.452216
157	0.9344	0.460595
158	0.9405	0.453226
159	0.9253	0.446951
160	0.9203	0.477918
161	0.9107	0.443896
162	0.9073	0.48513199999999995
163	0.905	0.469736
164	0.8971	0.45262399999999997
165	0.8618	0.483792
166	0.8927	0.43184399999999995
167	0.899	0.431854
168	0.9061	0.443952
169	0.9006	0.43547600000000003
170	0.8721	0.472075
171	0.865	0.456603
172	0.8768	0.49269199999999996
173	0.8821	0.44350700000000004
174	0.8927	0.442557
175	0.8873	0.44069600000000003
176	0.9075	0.415675
177	0.9055	0.41025500000000004
178	0.8986	0.41023899999999996
179	0.896	0.42917099999999997
180	0.9101	0.432194
181	0.9093	0.41962499999999997
182	0.8915	0.43056199999999994
183	0.8812	0.435491
184	0.8894	0.471361
185	0.9124	0.419966
186	0.9042	0.438099
187	0.9341	0.42334499999999997
188	0.9153	0.422165
189	0.9096	0.465836
190	0.8905	0.5017969999999999
191	0.8951	0.458947
192	0.9213	0.44264699999999996
193	0.895	0.46819299999999997
194	0.9197	0.45374699999999996
195	0.8979	0.45151800000000003
196	0.9133	0.47179099999999996
197	0.8865	0.476616
198	0.9065	0.44271
199	0.9095	0.434494
200	0.9214	0.42932499999999996
201	0.8998	0.435419
202	0.95	0.409541
203	0.9374	0.418833
204	0.9275	0.43155099999999996
205	0.8995	0.47588299999999994
206	0.9076	0.41773299999999997
207	0.9256	0.44469299999999995
208	0.9072	0.443834
209	0.9309	0.417466
210	0.9195	0.433029
211	0.9093	0.479696
212	0.9202	0.433487
213	0.9303	0.443975
214	0.9136	0.451041
215	0.9153	0.449164
216	0.9334	0.45726300000000003
217	0.9227	0.449976
218	0.9057	0.48812199999999994
219	0.9058	0.48355600000000004
220	0.8738	0.5278889999999999
221	0.9059	0.467773
222	0.909	0.47729900000000003
223	0.913	0.463499
224	0.8835	0.502109
225	0.9125	0.46116
226	0.925	0.482391
227	0.9056	0.48106000000000004
228	0.912	0.43010800000000005
229	0.9165	0.438266
230	0.9248	0.425179
231	0.9159	0.423805
232	0.9232	0.476006
233	0.9422	0.419214
234	0.9277	0.451036
235	0.94	0.44860799999999995
236	0.9159	0.480479
237	0.925	0.44721299999999997
238	0.9399	0.43507599999999996
239	0.9293	0.433231
240	0.9312	0.473002
241	0.9421	0.432863
242	0.943	0.46009999999999995
243	0.9531	0.448299
244	0.9344	0.481402
245	0.9539	0.44085500000000005
246	0.9543	0.445222
247	0.9679	0.435978
248	0.9453	0.43892000000000003
249	0.9413	0.429726
250	0.9238	0.46563499999999997
251	0.9277	0.432938
252	0.934	0.43329500000000004
253	0.9317	0.456684
254	0.9446	0.453162
255	0.9309	0.45591299999999996
256	0.9287	0.457144
257	0.9264	0.45262399999999997
258	0.9032	0.46440600000000004
259	0.9173	0.454313
260	0.8868	0.47617899999999996
261	0.8666	0.502081
262	0.8352	0.532632
263	0.7738	0.565935
264	0.7733	0.560502
265	0.7324	0.5643739999999999
266	0.6954	0.55682
267	0.6659	0.59541
268	0.5949	0.590587
269	0.5717	0.5995360000000001
270	0.5471	0.6091340000000001
271	0.4984	0.634557
272	0.4883	0.6535500000000001
273	0.4786	0.650965
274	0.4499	0.633216
275	0.404	0.640571
276	0.3636	0.6760550000000001
277	0.3142	0.671377
278	0.3093	0.673644
279	0.2928	0.6799649999999999
280	0.302	0.708326
281	0.3103	0.7263630000000001
282	0.3122	0.743648
283	0.3343	0.739222
284	0.316	0.746126
285	0.3074	0.726068
286	0.3265	0.69328
287	0.3014	0.69833
288	0.3132	0.698399
289	0.3168	0.7040000000000001
290	0.3302	0.718296
291	0.3323	0.7059139999999999
292	0.3217	0.674457
293	0.3168	0.71284
294	0.3192	0.711833
295	0.2991	0.681919
296	0.3215	0.633264
297	0.2932	0.6019570000000001
298	0.3138	0.60917
299	0.3065	0.579712
