var_ref	var_pos	var_alt	AOU_ID	chromosome	var_ref_gDNA	var_pos_gDNA	var_alt_gDNA	allele_count	allele_number	homozygote_count
M	2	T	19-47834448-T-C	19	T	47834448	C	1	490756	0
A	3	S	19-47834450-G-T	19	G	47834450	T	3	490776	0
A	3	V	19-47834451-C-T	19	C	47834451	T	14	490778	0
Y	4	C	19-47834454-A-G	19	A	47834454	G	6	490752	0
M	5	I	19-47834458-G-C	19	G	47834458	C	1	490772	0
M	5	I	19-47834458-G-T	19	G	47834458	T	3	490772	0
P	7	T	19-47834462-C-A	19	C	47834462	A	1	490776	0
P	7	L	19-47834463-C-T	19	C	47834463	T	3	490770	0
G	8	R	19-47834465-G-C	19	G	47834465	C	109	490762	2
G	8	E	19-47834466-G-A	19	G	47834466	A	1	490768	0
P	9	R	19-47834469-C-G	19	C	47834469	G	1	490768	0
H	10	D	19-47834471-C-G	19	C	47834471	G	251	490776	0
V	13	L	19-47834480-G-C	19	G	47834480	C	3	490768	0
V	13	A	19-47834481-T-C	19	T	47834481	C	2	490754	0
N	14	K	19-47834485-C-A	19	C	47834485	A	1	490778	0
A	15	T	19-47834486-G-A	19	G	47834486	A	4	490772	0
A	15	P	19-47834486-G-C	19	G	47834486	C	1	490772	0
A	15	D	19-47834487-C-A	19	C	47834487	A	1	490776	0
A	15	V	19-47834487-C-T	19	C	47834487	T	1	490776	0
G	20	D	19-47834502-G-A	19	G	47834502	A	1	490770	0
D	24	A	19-47834514-A-C	19	A	47834514	C	1	490748	0
D	24	G	19-47834514-A-G	19	A	47834514	G	1	490748	0
M	26	I	19-47834521-G-A	19	G	47834521	A	1	490732	0
Q	28	R	19-47834526-A-G	19	A	47834526	G	5	490640	0
P	31	S	19-47834534-C-T	19	C	47834534	T	1	490740	0
P	33	Q	19-47834541-C-A	19	C	47834541	A	4	490764	0
A	35	T	19-47836245-G-A	19	G	47836245	A	1	490776	0
A	35	D	19-47836246-C-A	19	C	47836246	A	2	490778	0
P	36	T	19-47836248-C-A	19	C	47836248	A	1	490782	0
R	37	K	19-47836252-G-A	19	G	47836252	A	1	490786	0
Q	39	P	19-47836258-A-C	19	A	47836258	C	1	490764	0
R	40	Q	19-47836261-G-A	19	G	47836261	A	5	490776	0
R	40	L	19-47836261-G-T	19	G	47836261	T	2	490776	0
R	41	Q	19-47836264-G-A	19	G	47836264	A	4	490780	0
R	41	P	19-47836264-G-C	19	G	47836264	C	1	490780	0
E	42	D	19-47836268-G-C	19	G	47836268	C	1	490780	0
R	43	C	19-47836269-C-T	19	C	47836269	T	1	490778	0
R	43	H	19-47836270-G-A	19	G	47836270	A	4	490784	0
T	44	N	19-47836273-C-A	19	C	47836273	A	1	490786	0
T	44	I	19-47836273-C-T	19	C	47836273	T	5	490786	0
T	47	I	19-47836282-C-T	19	C	47836282	T	3	490778	0
R	48	W	19-47836284-C-T	19	C	47836284	T	3	490782	0
R	48	Q	19-47836285-G-A	19	G	47836285	A	5	490778	0
S	49	R	19-47836289-C-G	19	C	47836289	G	1	490780	0
Q	50	H	19-47836292-A-C	19	A	47836292	C	1	490702	0
E	55	G	19-47836306-A-G	19	A	47836306	G	1	490768	0
A	56	T	19-47836308-G-A	19	G	47836308	A	31	490776	0
K	60	E	19-47836320-A-G	19	A	47836320	G	1	490744	0
T	61	I	19-47836324-C-T	19	C	47836324	T	1	490778	0
D	65	V	19-47836336-A-T	19	A	47836336	T	1	490758	0
V	66	I	19-47836338-G-A	19	G	47836338	A	907	490782	1
Y	67	C	19-47836342-A-G	19	A	47836342	G	1	490734	0
A	68	V	19-47836345-C-T	19	C	47836345	T	125	490782	0
R	69	C	19-47836347-C-T	19	C	47836347	T	7	490776	0
R	69	H	19-47836348-G-A	19	G	47836348	A	8	490780	0
E	71	K	19-47836353-G-A	19	G	47836353	A	3	490780	0
P	79	A	19-47836377-C-G	19	C	47836377	G	1	490780	0
S	81	C	19-47836384-C-G	19	C	47836384	G	1	490786	0
V	83	A	19-47836390-T-C	19	T	47836390	C	1	490762	0
R	90	G	19-47839335-C-G	19	C	47839335	G	2	490774	0
R	90	W	19-47839335-C-T	19	C	47839335	T	5	490774	0
R	90	Q	19-47839336-G-A	19	G	47839336	A	8	490778	0
A	92	T	19-47839341-G-A	19	G	47839341	A	1	490778	0
K	93	N	19-47839346-A-T	19	A	47839346	T	1	490750	0
C	94	G	19-47839347-T-G	19	T	47839347	G	4	490752	0
Q	96	H	19-47839355-G-T	19	G	47839355	T	1	490778	0
R	98	Q	19-47839360-G-A	19	G	47839360	A	3	490782	0
Q	103	R	19-47839375-A-G	19	A	47839375	G	1	490738	0
Q	104	R	19-47839378-A-G	19	A	47839378	G	21	490748	0
Q	104	H	19-47839379-G-C	19	G	47839379	C	1	490778	0
P	107	A	19-47839386-C-G	19	C	47839386	G	5	490782	0
P	107	S	19-47839386-C-T	19	C	47839386	T	1	490782	0
P	108	R	19-47839390-C-G	19	C	47839390	G	1	490782	0
G	109	R	19-47839392-G-C	19	G	47839392	C	1	490778	0
G	109	A	19-47839393-G-C	19	G	47839393	C	1	490780	0
Q	111	R	19-47839399-A-G	19	A	47839399	G	8	490640	0
A	112	P	19-47839401-G-C	19	G	47839401	C	1	490778	0
A	112	V	19-47839402-C-T	19	C	47839402	T	5	490784	0
R	115	W	19-47839410-C-T	19	C	47839410	T	6	490774	0
R	115	Q	19-47839411-G-A	19	G	47839411	A	75	490780	1
R	115	P	19-47839411-G-C	19	G	47839411	C	2	490780	0
R	119	T	19-47839423-G-C	19	G	47839423	C	2	490776	0
K	120	E	19-47839425-A-G	19	A	47839425	G	2	490746	0
A	121	E	19-47839429-C-A	19	C	47839429	A	1	490770	0
A	121	V	19-47839429-C-T	19	C	47839429	T	9	490770	0
G	122	D	19-47839432-G-A	19	G	47839432	A	5590	490776	224
T	123	A	19-47839434-A-G	19	A	47839434	G	24	490636	0
T	123	M	19-47839435-C-T	19	C	47839435	T	3	490778	0
P	125	S	19-47839440-C-T	19	C	47839440	T	4	490782	0
R	126	G	19-47839443-A-G	19	A	47839443	G	1	490656	0
R	126	K	19-47839444-G-A	19	G	47839444	A	3	490778	0
R	126	S	19-47839445-A-C	19	A	47839445	C	1	490754	0
S	128	P	19-47839449-T-C	19	T	47839449	C	3	490772	0
D	130	N	19-47839455-G-A	19	G	47839455	A	2	490778	0
D	130	A	19-47839456-A-C	19	A	47839456	C	2	490746	0
P	133	T	19-47839464-C-A	19	C	47839464	A	1	490776	0
D	134	E	19-47839469-C-A	19	C	47839469	A	1	490778	0
P	135	T	19-47839470-C-A	19	C	47839470	A	1	490784	0
P	135	L	19-47839471-C-T	19	C	47839471	T	1	490782	0
L	136	V	19-47839473-C-G	19	C	47839473	G	1	490772	0
I	138	V	19-47839479-A-G	19	A	47839479	G	7	490620	0
S	139	P	19-47839482-T-C	19	T	47839482	C	7	490754	0
D	140	H	19-47839485-G-C	19	G	47839485	C	4	490780	0
S	141	A	19-47839488-T-G	19	T	47839488	G	3	490758	0
Y	142	C	19-47839492-A-G	19	A	47839492	G	292	490620	2
P	144	L	19-47839498-C-T	19	C	47839498	T	2	490782	0
P	145	S	19-47839500-C-T	19	C	47839500	T	9	490780	0
P	147	S	19-47839506-C-T	19	C	47839506	T	2	490784	0
G	148	S	19-47839509-G-A	19	G	47839509	A	4	490772	0
G	148	D	19-47839510-G-A	19	G	47839510	A	1	490782	0
P	149	L	19-47839513-C-T	19	C	47839513	T	1	490776	0
T	154	A	19-47839527-A-G	19	A	47839527	G	19	490554	0
T	155	M	19-47839531-C-T	19	C	47839531	T	6	490778	0
A	158	T	19-47839539-G-A	19	G	47839539	A	10505	490764	374
I	162	L	19-47839551-A-C	19	A	47839551	C	1	490694	0
I	162	T	19-47839552-T-C	19	T	47839552	C	12	490728	0
W	163	R	19-47839554-T-C	19	T	47839554	C	7	490746	0
S	164	N	19-47839558-G-A	19	G	47839558	A	6	490778	0
P	165	L	19-47839561-C-T	19	C	47839561	T	6	490778	0
A	166	P	19-47839563-G-C	19	G	47839563	C	1	490786	0
A	166	D	19-47839564-C-A	19	C	47839564	A	3	490782	0
S	167	L	19-47839567-C-T	19	C	47839567	T	1	490784	0
S	169	F	19-47839573-C-T	19	C	47839573	T	1	490780	0
P	170	S	19-47839575-C-T	19	C	47839575	T	6	490786	0
L	171	F	19-47839580-G-C	19	G	47839580	C	3	490782	0
P	172	A	19-47839581-C-G	19	C	47839581	G	1	490782	0
A	174	V	19-47839588-C-T	19	C	47839588	T	11	490784	0
Q	175	L	19-47839591-A-T	19	A	47839591	T	1	490770	0
R	176	G	19-47839593-C-G	19	C	47839593	G	3	490786	0
R	176	W	19-47839593-C-T	19	C	47839593	T	3	490786	0
R	176	Q	19-47839594-G-A	19	G	47839594	A	3	490780	0
G	178	R	19-47839599-G-C	19	G	47839599	C	2	490786	0
G	178	E	19-47839600-G-A	19	G	47839600	A	1	490786	0
G	178	A	19-47839600-G-C	19	G	47839600	C	7	490786	0
V	180	E	19-47839606-T-A	19	T	47839606	A	2	490770	0
A	181	D	19-47839609-C-A	19	C	47839609	A	2	490786	0
G	183	R	19-47839614-G-A	19	G	47839614	A	1	490782	0
G	183	E	19-47839615-G-A	19	G	47839615	A	1	490780	0
P	184	L	19-47839618-C-T	19	C	47839618	T	62	490784	0
S	185	F	19-47839621-C-T	19	C	47839621	T	1	490782	0
L	186	P	19-47839624-T-C	19	T	47839624	C	1	490772	0
T	187	I	19-47839627-C-T	19	C	47839627	T	8	490784	0
S	188	Y	19-47839630-C-A	19	C	47839630	A	1	490780	0
A	189	T	19-47839632-G-A	19	G	47839632	A	17	490778	0
A	189	P	19-47839632-G-C	19	G	47839632	C	3	490778	0
P	190	S	19-47839635-C-T	19	C	47839635	T	25	490778	0
A	192	D	19-47839642-C-A	19	C	47839642	A	5	490786	0
M	193	V	19-47839644-A-G	19	A	47839644	G	1	490746	0
T	194	N	19-47839648-C-A	19	C	47839648	A	3	490788	0
T	194	I	19-47839648-C-T	19	C	47839648	T	1	490788	0
A	196	T	19-47839653-G-A	19	G	47839653	A	4	490784	0
P	197	L	19-47839657-C-T	19	C	47839657	T	48	490786	0
A	198	V	19-47839660-C-T	19	C	47839660	T	7	490786	0
S	199	F	19-47839663-C-T	19	C	47839663	T	1	490784	0
A	200	T	19-47839665-G-A	19	G	47839665	A	5	490782	0
S	204	P	19-47839677-T-C	19	T	47839677	C	4	490764	0
S	206	P	19-47839683-T-C	19	T	47839683	C	2	490744	0
A	207	T	19-47839686-G-A	19	G	47839686	A	8	490782	0
G	209	R	19-47839692-G-A	19	G	47839692	A	3	490768	0
P	211	L	19-47839699-C-T	19	C	47839699	T	5	490782	0
S	212	N	19-47839702-G-A	19	G	47839702	A	1	490788	0
G	217	S	19-47839716-G-A	19	G	47839716	A	7	490782	0
G	217	C	19-47839716-G-T	19	G	47839716	T	1	490782	0
D	219	E	19-47839724-C-G	19	C	47839724	G	21	490786	0
P	220	L	19-47839726-C-T	19	C	47839726	T	10	490786	0
M	225	L	19-47839740-A-C	19	A	47839740	C	7	489702	0
M	225	T	19-47839741-T-C	19	T	47839741	C	7	490684	0
M	225	I	19-47839742-G-C	19	G	47839742	C	6	490774	0
V	226	M	19-47839743-G-A	19	G	47839743	A	1	490782	0
P	227	T	19-47839746-C-A	19	C	47839746	A	1	490782	0
Q	228	H	19-47839751-G-C	19	G	47839751	C	1	490776	0
L	229	I	19-47839752-C-A	19	C	47839752	A	24	490776	0
G	230	R	19-47839755-G-C	19	G	47839755	C	2	490776	0
P	232	L	19-47839762-C-T	19	C	47839762	T	8	490770	0
L	234	F	19-47839767-C-T	19	C	47839767	T	1	490776	0
S	235	N	19-47839771-G-A	19	G	47839771	A	1	490764	0
P	236	S	19-47839773-C-T	19	C	47839773	T	1	490774	0
P	236	R	19-47839774-C-G	19	C	47839774	G	3	490778	0
L	237	I	19-47839776-C-A	19	C	47839776	A	9	490770	0
L	237	V	19-47839776-C-G	19	C	47839776	G	2	490770	0
L	237	F	19-47839776-C-T	19	C	47839776	T	3	490770	0
P	240	L	19-47839786-C-T	19	C	47839786	T	1	490774	0
V	242	M	19-47839791-G-A	19	G	47839791	A	1884	490788	12
G	243	E	19-47839795-G-A	19	G	47839795	A	1	490784	0
P	244	A	19-47839797-C-G	19	C	47839797	G	1	490788	0
A	247	T	19-47839806-G-A	19	G	47839806	A	2	490780	0
A	247	V	19-47839807-C-T	19	C	47839807	T	4	490786	0
S	249	F	19-47839813-C-T	19	C	47839813	T	4	490778	0
T	251	N	19-47839819-C-A	19	C	47839819	A	1	490782	0
T	251	I	19-47839819-C-T	19	C	47839819	T	2	490782	0
S	252	P	19-47839821-T-C	19	T	47839821	C	1	490724	0
S	252	F	19-47839822-C-T	19	C	47839822	T	5	490784	0
G	255	R	19-47839830-G-C	19	G	47839830	C	1	490778	0
Y	258	C	19-47839840-A-G	19	A	47839840	G	1	490342	0
G	259	D	19-47839843-G-A	19	G	47839843	A	4	490782	0
A	260	T	19-47839845-G-A	19	G	47839845	A	95	490782	0
A	260	D	19-47839846-C-A	19	C	47839846	A	3	490780	0
P	263	R	19-47839855-C-G	19	C	47839855	G	3	490778	0
V	264	M	19-47839857-G-A	19	G	47839857	A	34	490778	0
D	265	Y	19-47839860-G-T	19	G	47839860	T	1	490784	0
S	266	R	19-47839865-C-G	19	C	47839865	G	1	490780	0
L	267	V	19-47839866-T-G	19	T	47839866	G	1	490712	0
F	269	Y	19-47839873-T-A	19	T	47839873	A	1	490760	0
K	270	E	19-47839875-A-G	19	A	47839875	G	3	490708	0
D	271	N	19-47839878-G-A	19	G	47839878	A	3	490776	0
T	273	P	19-47839884-A-C	19	A	47839884	C	1	490740	0
T	273	K	19-47839885-C-A	19	C	47839885	A	1	490784	0
T	273	M	19-47839885-C-T	19	C	47839885	T	19	490784	0
G	274	D	19-47839888-G-A	19	G	47839888	A	1	490774	0
N	281	S	19-47839909-A-G	19	A	47839909	G	2	489532	0
P	282	S	19-47839911-C-T	19	C	47839911	T	4	490776	0
M	283	T	19-47839915-T-C	19	T	47839915	C	1	490720	0
L	286	P	19-47839924-T-C	19	T	47839924	C	1	490714	0
Y	288	C	19-47839930-A-G	19	A	47839930	G	2	490782	0
K	289	R	19-47839933-A-G	19	A	47839933	G	1	490750	0
Q	291	H	19-47839940-G-T	19	G	47839940	T	8	490770	1
Q	297	E	19-47839956-C-G	19	C	47839956	G	1	490730	0
I	298	N	19-47839960-T-A	19	T	47839960	A	1	490718	0
L	299	F	19-47839964-G-C	19	G	47839964	C	1	490776	0
